Major,STEM
Accounting,0
Accounting Technology and Bookkeeping,0
Accounting and Business/Management,0
Accounting and Computer Science,0
Accounting and Finance,0
Accounting and Related Services,0
Acoustics,1
Acting,0
Actuarial Science,1
Acupuncture and Oriental Medicine,0
Addiction Prevention and Treatment,0
Administration of Special Education,0
Administrative Assistant and Secretarial Science,0
Adult Development and Aging,0
Adult Health Nurse/Nursing,0
Adult High School/Secondary Diploma Program,0
Adult Literacy Tutor/Instructor,0
Adult Reconstructive Orthopedics (Orthopedic Surgery),0
Adult and Continuing Education Administration,0
Adult and Continuing Education and Teaching,0
Advanced General Dentistry,0
Advanced Legal Research/Studies,0
Advanced Military and Operational Studies,0
Advanced/Graduate Dentistry and Oral Sciences,0
Advertising,0
Aeronautical/Aerospace Engineering Technology,1
Aeronautics/Aviation/Aerospace Science and Technology,1
Aerospace Ground Equipment Technology,1
Aerospace Medicine,0
Aerospace Physiology and Medicine,1
"Aerospace, Aeronautical and Astronautical Engineering",0
"Aerospace, Aeronautical and Astronautical/Space Engineering",1
Aesthetician/Esthetician and Skin Care Specialist,0
"African Languages, Literatures, and Linguistics",0
African Studies,0
African-American/Black Studies,0
Agribusiness/Agricultural Business Operations,0
Agricultural Animal Breeding,1
Agricultural Business Technology,0
Agricultural Business and Management,0
Agricultural Communication/Journalism,0
Agricultural Economics,0
Agricultural Engineering,1
Agricultural Mechanics and Equipment/Machine Technology,0
Agricultural Mechanization,0
Agricultural Power Machinery Operation,0
Agricultural Production Operations,0
Agricultural Public Services,0
Agricultural Teacher Education,0
Agricultural and Domestic Animal Services,0
Agricultural and Extension Education Services,0
Agricultural and Food Products Processing,0
Agricultural and Horticultural Plant Breeding,1
Agricultural/Farm Supplies Retailing and Wholesaling,0
Agriculture,0
"Agriculture, Agriculture Operations, And Related Sciences",0
"Agriculture, Agriculture Operations, and Related Sciences",0
Agroecology and Sustainable Agriculture,1
Agronomy and Crop Science,1
Air Force JROTC/ROTC,0
"Air Force ROTC, Air Science and Operations",0
Air Science/Airpower Studies,1
Air Traffic Controller,0
Air Transportation,0
Air and Space Operational Art and Science,1
Air and Space Operations Technology,1
Aircraft Armament Systems Technology,1
Aircraft Pilot (Private),0
Aircraft Powerplant Technology,0
Airframe Mechanics and Aircraft Maintenance Technology,0
Airline Flight Attendant,0
Airline/Commercial/Professional Pilot and Flight Crew,0
Albanian Language and Literature,0
Algebra and Number Theory,1
Allergies and Immunology,0
"Allied Health Diagnostic, Intervention, and Treatment Professions",0
Allied Health and Medical Assisting Services,0
Alternative Fuel Vehicle Technology,0
Alternative and Complementary Medical Support Services,0
Alternative and Complementary Medicine and Medical Systems,0
American Citizenship Education,0
American Government and Politics (United States),0
American History (United States),0
"American Indian/Native American Languages, Literatures, and Linguistics",0
American Indian/Native American Studies,0
American Literature (Canadian),0
American Literature (United States and Canadian),0
American Literature (United States),0
American Sign Language,0
American Sign Language (ASL),0
American/US Law/Legal Studies/Jurisprudence,0
American/United States Studies/Civilization,0
Analysis and Functional Analysis,1
Analytical Chemistry,1
Anatomy,1
"Ancient Near Eastern and Biblical Languages, Literatures, and Linguistics",0
Ancient Studies/Civilization,0
Ancient/Classical Greek Language and Literature,0
Anesthesiologist Assistant,0
Anesthesiology,0
Animal Behavior and Ethology,1
Animal Genetics,1
Animal Health,1
Animal Nutrition,1
Animal Physiology,1
Animal Sciences,1
Animal Training,0
Animal-Assisted Therapy,0
Animal/Livestock Husbandry and Production,0
"Animation, Interactive Technology, Video Graphics and Special Effects",1
Anthropology,0
Apparel and Accessories Marketing Operations,0
Apparel and Textile Manufacture,0
Apparel and Textile Marketing Management,0
Apparel and Textiles,0
Appliance Installation and Repair Technology,0
Applied Behavior Analysis,0
Applied Economics,0
Applied Horticulture and Horticultural Business Services,0
Applied Horticulture/Horticultural Business Services,0
Applied Horticulture/Horticulture Operations,0
Applied Linguistics,0
Applied Mathematics,1
Applied Psychology,0
Applied and Professional Ethics,0
Aquaculture,0
Aquatic Biology/Limnology,1
Arabic Language and Literature,0
Archeology,1
Architectural Drafting and Architectural CAD/CADD,1
Architectural Engineering,1
Architectural Engineering Technologies,0
Architectural Engineering Technology,1
Architectural History and Criticism,0
Architectural Sciences and Technology,0
Architectural Technology,0
Architectural and Building Sciences/Technology,1
Architecture,0
Architecture And Related Services,0
Architecture and Related Services,0
Archives/Archival Administration,0
Area Studies,0
"Area, Ethnic, Cultural, Gender, And Group Studies",0
"Area, Ethnic, Cultural, and Gender Studies",0
Army JROTC/ROTC,0
"Army ROTC, Military Science and Operations",0
Aromatherapy,0
Art,0
"Art History, Criticism and Conservation",0
Art Teacher Education,0
Art Therapy/Therapist,0
Art/Art Studies,0
Artificial Intelligence,1
Arts Management,0
"Arts, Entertainment, and Media Management",0
"Arts, Entertainment,and Media Management",0
Asian Bodywork Therapy,0
Asian History,0
Asian Studies/Civilization,0
Asian-American Studies,0
Assistive/Augmentative Technology and Rehabilitation Engineering,0
Astronomy,1
Astronomy and Astrophysics,1
Astrophysics,1
Athletic Training/Trainer,0
Atmospheric Chemistry and Climatology,1
Atmospheric Physics and Dynamics,1
Atmospheric Sciences and Meteorology,1
Atomic/Molecular Physics,1
Auctioneering,0
Audiology/Audiologist,0
Audiology/Audiologist and Speech-Language Pathology/Pathologist,0
Audiovisual Communications Technologies,0
Auditing,0
"Australian/Oceanic/Pacific Languages, Literatures, and Linguistics",0
Autobody/Collision and Repair Technology,0
Automation Engineer Technology,1
Automobile/Automotive Mechanics Technology,0
Automotive Engineering Technology,1
Aviation/Airway Management and Operations,0
Avionics Maintenance Technology,0
Ayurvedic Medicine/Ayurveda,0
Baking and Pastry Arts/Baker/Pastry Chef,0
Balkans Studies,0
Ballet,0
"Baltic Languages, Literatures, and Linguistics",0
Baltic Studies,0
Banking and Financial Support Services,0
"Banking, Corporate, Finance, and Securities Law",0
Barbering/Barber,0
Bartending/Bartender,0
Basic Computer Skills,0
Basic Skills And Developmental/Remedial Education,0
Basic Skills and Developmental/Remedial Education,0
Behavioral Aspects of Health,0
Behavioral Sciences,1
Bengali Language and Literature,0
Bible/Biblical Studies,0
Bicycle Mechanics and Repair Technology,0
Bilingual and Multilingual Education,0
"Bilingual, Multilingual, and Multicultural Education",0
Biochemical Engineering,1
Biochemistry,1
Biochemistry and Molecular Biology,1
"Biochemistry, Biophysics and Molecular Biology",1
Bioengineering and Biomedical Engineering,1
Bioethics/Medical Ethics,0
Bioinformatics,1
Biological And Biomedical Sciences,0
Biological and Biomedical Sciences,1
Biological and Physical Sciences,1
Biological/Biosystems Engineering,1
Biology,0
Biology Teacher Education,0
Biology Technician/Biotechnology Laboratory Technician,1
Biology/Biological Sciences,1
"Biomathematics, Bioinformatics, and Computational Biology",1
Biomedical Sciences,1
Biomedical Technology,1
Biomedical/Medical Engineering,0
Biometry/Biometrics,1
Biophysics,1
Biopsychology,1
Biostatistics,1
Biotechnology,1
Birthing and Parenting Knowledge and Skills,0
Blasting/Blaster,0
Blood Bank Technology Specialist,0
Blood Banking,0
"Board, Card and Role-Playing Games",0
Boilermaking/Boilermaker,0
"Bosnian, Serbian, and Croatian Languages and Literatures",0
Botany/Plant Biology,1
Brass Instruments,0
Broadcast Journalism,0
Buddhist Studies,0
Building Construction Technology,0
"Building/Construction Finishing, Management, and Inspection",0
Building/Construction Site Management/Manager,0
Building/Home/Construction Inspection/Inspector,0
Building/Property Maintenance,0
Bulgarian Language and Literature,0
Burmese Language and Literature,0
Business Administration and Management,0
"Business Administration, Management and Operations",0
Business Family and Consumer Sciences/Human Sciences,0
Business Machine Repair,0
Business Operations Support and Assistant Services,0
Business Operations Support and Secretarial Services,0
Business Statistics,1
Business Teacher Education,0
Business and Personal/Financial Services Marketing Operations,0
Business and Social Skills,0
"Business, Management, Marketing, And Related Support Services",0
"Business, Management, Marketing, and Related Support Services",0
Business/Commerce,0
Business/Corporate Communications,0
Business/Managerial Economics,0
Business/Office Automation/Technology/Data Entry,0
CAD/CADD Drafting and/or Design Technology,1
Cabinetmaking and Millwork,0
Canadian Citizenship Education,0
Canadian Government and Politics,0
Canadian History,0
Canadian Law/Legal Studies/Jurisprudence,0
Canadian Studies,0
Cardiology,0
Cardiopulmonary Technology/Technologist,0
Cardiovascular Science,1
Cardiovascular Technology/Technologist,0
Career Exploration/Awareness Skills,0
Caribbean Studies,0
Carpenters,0
Carpentry/Carpenter,0
"Carpet, Floor, and Tile Worker",0
Casino Management,0
Catalan Language and Literature,0
Cell Biology and Anatomy,1
Cell Physiology,1
Cell/Cellular Biology and Anatomical Sciences,1
Cell/Cellular Biology and Histology,1
Cell/Cellular and Molecular Biology,1
"Celtic Languages, Literatures, and Linguistics",0
Ceramic Arts and Ceramics,0
Ceramic Sciences and Engineering,1
Certificate of IEP Completion Program,0
Chemical Engineering,1
Chemical Engineering Technology,1
Chemical Pathology,0
Chemical Physics,1
Chemical Process Technology,1
Chemical Technology,1
Chemical and Biomolecular Engineering,1
Chemistry,1
Chemistry Teacher Education,0
Child Care Provider/Assistant,0
Child Care and Support Services Management,0
Child Development,0
Child Neurology,0
Child Psychiatry,0
Child/Pediatric Neurology,0
Children and Youth Library Services,0
Children's and Adolescent Literature,0
Chinese Language and Literature,0
Chinese Studies,0
Chiropractic,0
Chiropractic Assistant,0
Christian Studies,0
Cinematography and Film/Video Production,0
Citizenship Activities,0
"City/Urban, Community and Regional Planning",0
Civil Drafting and Civil Engineering CAD/CADD,1
Civil Engineering,1
Civil Engineering Technologies,0
Civil Engineering Technology,1
Classical and Ancient Studies,0
"Classical, Ancient Mediterranean and Near Eastern Studies and Archaeology",0
"Classics and Classical Languages, Literatures, and Linguistics",0
Clinical Child Psychology,0
Clinical Laboratory Science/Medical Technology/Technologist,1
Clinical Nurse Leader,0
Clinical Nurse Specialist,0
Clinical Nutrition/Nutritionist,0
Clinical Pastoral Counseling/Patient Counseling,0
Clinical Psychology,0
Clinical Research Coordinator,0
Clinical and Industrial Drug Development,1
"Clinical, Counseling and Applied Psychology",0
"Clinical, Hospital, and Managed Care Pharmacy",0
Clinical/Medical Laboratory Assistant,0
Clinical/Medical Laboratory Science and Allied Professions,0
Clinical/Medical Laboratory Science/Research and Allied Professions,0
Clinical/Medical Laboratory Technician,0
Clinical/Medical Social Work,0
Cognitive Psychology and Psycholinguistics,1
Cognitive Science,1
Collecting,0
College Student Counseling and Personnel Services,0
College/University Preparatory and Advanced High School/Secondary Diploma Program,0
Colon and Rectal Surgery,0
Combat Systems Engineering,1
"Command & Control (C3, C4I) Systems and Operations",1
Commercial Fishing,0
Commercial Photography,0
Commercial and Advertising Art,0
Commonwealth Studies,0
Communication,0
Communication Disorders Sciences and Services,0
Communication Sciences and Disorders,0
Communication and Media Studies,0
"Communication, Journalism, And Related Programs",0
"Communication, Journalism, and Related Programs",0
Communications Systems Installation and Repair Technology,0
Communications Technologies and Support Services,0
Communications Technologies/Technicians And Support Services,0
Communications Technology,0
Community Awareness,0
Community College Education,0
Community Health Services/Liaison/Counseling,0
Community Health and Preventive Medicine,0
Community Involvement,0
Community Organization and Advocacy,0
Community Psychology,0
Comparative Law,0
Comparative Literature,0
Comparative Psychology,1
Comparative and Laboratory Animal Medicine,0
Computational Biology,1
Computational Mathematics,1
Computational Science,1
Computational and Applied Mathematics,1
Computer And Information Sciences And Support Services,0
Computer Engineering,1
Computer Engineering Technologies,1
Computer Engineering Technology,1
Computer Games and Programming Skills,0
Computer Graphics,1
Computer Hardware Engineering,1
Computer Hardware Technology,1
Computer Installation and Repair Technology,0
Computer Numerically Controlled (CNC) Machinist Technology/CNC Machinist,0
Computer Programming,1
"Computer Programming, Specific Applications",1
"Computer Programming, Vendor/Product Certification",1
Computer Programming/Programmer,1
Computer Science,1
Computer Software Engineering,1
Computer Software Technology,1
Computer Software and Media Applications,1
Computer Support Specialist,1
Computer Systems Analysis,0
Computer Systems Analysis/Analyst,1
Computer Systems Networking and Telecommunications,1
Computer Teacher Education,0
Computer Technology/Computer Systems Technology,1
Computer Typography and Composition Equipment Operator,0
Computer and Information Sciences,1
Computer and Information Sciences and Support Services,0
"Computer and Information Sciences, Other",0
Computer and Information Systems Security/Information Assurance,1
Computer/Information Technology Administration and Management,0
Computer/Information Technology Services Administration and Management,1
Concrete Finishing/Concrete Finisher,0
Condensed Matter and Materials Physics,1
Conducting,0
Conservation Biology,1
Construction Engineering,1
Construction Engineering Technologies,0
Construction Engineering Technology,1
Construction Management,0
Construction Trades,0
Construction/Heavy Equipment/Earthmoving Equipment Operation,0
Consumer Economics,0
Consumer Merchandising/Retailing Management,0
Consumer Services and Advocacy,0
Cooking and Other Domestic Skills,0
Cooking and Related Culinary Arts,0
Corrections,0
Corrections Administration,0
Corrections and Criminal Justice,0
Cosmetology and Related Personal Grooming Arts,0
Cosmetology and Related Personal Grooming Services,0
"Cosmetology, Barber/Styling, and Nail Instructor",0
Cosmetology/Cosmetologist,0
Costume Design,0
Counseling Psychology,0
Counselor Education/School Counseling and Guidance Services,0
Court Reporting/Court Reporter,0
"Crafts/Craft Design, Folk Art and Artisanry",0
Creative Writing,0
Credit Management,0
Criminal Justice and Corrections,0
Criminal Justice/Law Enforcement Administration,0
Criminal Justice/Police Science,0
Criminal Justice/Safety Studies,0
Criminalistics and Criminal Science,0
Criminology,0
Crisis/Emergency/Disaster Management,0
Critical Care Anesthesiology,0
Critical Care Medicine,0
Critical Care Nursing,0
Critical Care Surgery,0
Critical Incident Response/Special Police Operations,0
Critical Infrastructure Protection,0
Crop Production,0
Culinary Arts and Related Services,0
Culinary Arts/Chef Training,0
Culinary Science/Culinology,0
Cultural Anthropology,0
Cultural Resource Management and Policy Analysis,0
Cultural Studies/Critical Theory and Analysis,0
Cultural/Archaelogical Resources Protection,0
Curriculum and Instruction,0
Customer Service Management,0
Customer Service Support/Call Center/Teleservice Operation,0
Cyber/Computer Forensics and Counterterrorism,1
Cyber/Electronic Operations and Warfare,1
Cytogenetics/Genetics/Clinical Genetics Technology/Technologist,0
Cytopathology,0
Cytotechnology/Cytotechnologist,1
Czech Language and Literature,0
Dairy Husbandry and Production,0
Dairy Science,1
Dance,0
Dance Therapy/Therapist,0
Dancing,0
Danish Language and Literature,0
Data Entry/Microcomputer Applications,0
Data Modeling/Warehousing and Database Administration,1
Data Processing,0
Data Processing and Data Processing Technology,1
Deaf Studies,0
Demography and Population Studies,0
Dental Assisting/Assistant,0
Dental Clinical Sciences,0
Dental Hygiene/Hygienist,0
Dental Laboratory Technology,0
Dental Materials,0
Dental Public Health and Education,0
Dental Services and Allied Professions,0
Dental Support Services and Allied Professions,0
Dentistry,0
Dermatology,0
Dermatopathology,0
Design and Applied Arts,0
Design and Visual Communications,0
Development Economics and International Development,0
Developmental Biology and Embryology,1
Developmental Services Worker,0
Developmental and Child Psychology,1
Developmental/Remedial English,0
Developmental/Remedial Mathematics,0
Diagnostic Medical Sonography/Sonographer and Ultrasound Technician,0
Diagnostic Radiology,0
Diesel Mechanics Technology,0
Dietetic Technician,0
Dietetics and Clinical Nutrition Services,0
Dietetics/Dietitian,0
Dietitian Assistant,0
Digital Arts,0
Digital Communication and Media/Multimedia,1
Direct Entry Midwifery,0
Directed Energy Systems,1
Directing and Theatrical Production,0
Disability Studies,0
Dispute Resolution,0
"Diver, Professional and Instructor",0
Divinity/Ministry,0
Documentary Production,0
Dog/Pet/Animal Grooming,0
Drafting and Design Technology,1
Drafting/Design Engineering Technologies,1
Drama and Dance Teacher Education,0
Drama and Dramatics/Theatre Arts,0
Drama/Theatre Arts and Stagecraft,0
Dramatic/Theatre Arts and Stagecraft,0
Drawing,0
Driver and Safety Teacher Education,0
Drywall Installation/Drywaller,0
Dutch/Flemish Language and Literature,0
E-Commerce/Electronic Commerce,0
Early Childhood Education and Teaching,0
Earth Science Teacher Education,0
"East Asian Languages, Literatures, and Linguistics",0
East Asian Studies,0
Ecology,1
Ecology and Evolutionary Biology,1
"Ecology, Evolution, Systematics and Population Biology",1
"Ecology, Evolution, Systematics, and Population Biology",0
Econometrics and Quantitative Economics,1
Economics,0
Education,0
Education Policy Analysis,0
Education/Teaching of Individuals Who are Developmentally Delayed,0
Education/Teaching of Individuals in Early Childhood Special Education Programs,0
Education/Teaching of Individuals in Elementary Special Education Programs,0
Education/Teaching of Individuals in Junior High/Middle School Special Education Programs,0
Education/Teaching of Individuals in Secondary Special Education Programs,0
Education/Teaching of Individuals with Autism,0
Education/Teaching of Individuals with Emotional Disturbances,0
Education/Teaching of Individuals with Hearing Impairments Including Deafness,0
Education/Teaching of Individuals with Mental Retardation,0
Education/Teaching of Individuals with Multiple Disabilities,0
Education/Teaching of Individuals with Orthopedic and Other Physical Health Impairments,0
Education/Teaching of Individuals with Specific Learning Disabilities,0
Education/Teaching of Individuals with Speech or Language Impairments,0
Education/Teaching of Individuals with Traumatic Brain Injuries,0
Education/Teaching of Individuals with Vision Impairments Including Blindness,0
Education/Teaching of the Gifted and Talented,0
Educational Administration and Supervision,0
"Educational Assessment, Evaluation, and Research",0
"Educational Assessment, Testing, and Measurement",0
Educational Evaluation and Research,1
Educational Leadership and Administration,0
Educational Psychology,0
Educational Statistics and Research Methods,1
"Educational, Instructional, and Curriculum Supervision",0
Educational/Instructional Media Design,0
Educational/Instructional Technology,1
Electrical Engineering Technologies,0
Electrical and Electronic Engineering Technologies,1
Electrical and Electronics Engineering,1
Electrical and Power Transmission Installation/Installer,0
Electrical and Power Transmission Installers,0
"Electrical, Electronic and Communications Engineering Technology",1
"Electrical, Electronics and Communications Engineering",1
Electrical/Electronics Drafting and Electrical/Electronics CAD/CADD,1
Electrical/Electronics Equipment Installation and Repair,0
Electrical/Electronics Maintenance and Repair Technology,0
Electrician,0
Electrocardiograph Technology,0
Electrolysis/Electrology and Electrolysis Technician,0
Electromechanical Engineering,1
Electromechanical Instrumentation and Maintenance Technologies,0
Electromechanical Technology/Electromechanical Engineering Technology,1
Electromechanical and Instrumentation and Maintenance Technologies,1
Electroneurodiagnostic/Electroencephalographic Technology/Technologist,0
Elementary Education and Teaching,0
Elementary Particle Physics,1
Elementary and Middle School Administration/Principalship,0
Emergency Care Attendant (EMT Ambulance),0
Emergency Medical Technology (EMT Paramedic),0
Emergency Medicine,0
Emergency Room/Trauma Nursing,0
Endocrinology,1
Endocrinology and Metabolism,0
Endodontics/Endodontology,0
Energy Management and Systems Technology,1
Energy and Biologically Based Therapies,0
"Energy, Environment, and Natural Resources Law",0
Engine Machinist,0
Engineering,1
Engineering Acoustics,1
Engineering Chemistry,1
Engineering Design,1
Engineering Mechanics,1
Engineering Physics,0
Engineering Physics/Applied Physics,1
Engineering Science,1
Engineering Technologies,0
Engineering Technologies And Engineering-Related Fields,0
Engineering Technologies and Engineering-Related Fields,1
Engineering Technology,1
Engineering-Related Fields,1
Engineering-Related Technologies,1
Engineering/Industrial Management,1
English Composition,0
English Language And Literature/Letters,0
English Language and Literature,0
English Language and Literature/Letters,0
English Literature (British and Commonwealth),0
English/Language Arts Teacher Education,0
Entomology,1
Entrepreneurial and Small Business Operations,0
Entrepreneurship/Entrepreneurial Studies,0
Environmental Biology,1
Environmental Chemistry,1
Environmental Control Technologies,1
Environmental Design,0
Environmental Design/Architecture,0
Environmental Education,0
Environmental Engineering Technology/Environmental Technology,1
Environmental Health,1
Environmental Psychology,0
Environmental Science,1
Environmental Studies,1
Environmental Toxicology,1
Environmental/Environmental Health Engineering,1
Epidemiology,1
Equestrian/Equine Studies,0
Ethics,0
Ethnic Studies,0
"Ethnic, Cultural Minority, Gender, and Group Studies",0
European History,0
European Studies/Civilization,0
Evolutionary Biology,1
Executive Assistant/Executive Secretary,0
Exercise Physiology,1
Experimental Psychology,1
Explosive Ordinance/Bomb Disposal,1
Facial Treatment Specialist/Facialist,0
Facilities Planning and Management,0
Family And Consumer Sciences/Human Sciences,0
Family Medicine,0
Family Practice Nurse/Nurse Practitioner,0
Family Practice Nurse/Nursing,0
Family Psychology,0
Family Resource Management Studies,0
Family Systems,0
Family and Community Services,0
Family and Consumer Economics and Related Services,0
Family and Consumer Economics and Related Studies,0
Family and Consumer Sciences/Home Economics Teacher Education,0
Family and Consumer Sciences/Human Sciences,0
Family and Consumer Sciences/Human Sciences Business Services,0
Family and Consumer Sciences/Human Sciences Communication,0
Farm/Farm and Ranch Management,0
Fashion Merchandising,0
Fashion Modeling,0
Fashion and Fabric Consultant,0
Fashion/Apparel Design,0
"Fiber, Textile and Weaving Arts",0
Filipino/Tagalog Language and Literature,0
Film/Cinema/Video Studies,0
Film/Video and Photographic Arts,0
Finance,0
Finance and Financial Management Services,0
Financial Forensics and Fraud Investigation,0
Financial Mathematics,1
Financial Planning and Services,0
Fine Arts and Art Studies,0
Fine and Studio Arts,0
Fine and Studio Arts Management,0
Fine/Studio Arts,0
Fire Prevention and Safety Technology,0
Fire Protection,0
Fire Science/Fire-fighting,0
Fire Services Administration,0
Fire Systems Technology,0
Fire/Arson Investigation and Prevention,0
Fishing and Fisheries Sciences and Management,0
Flagging and Traffic Control,0
Flight Instructor,0
Floriculture/Floristry Operations and Management,0
Folklore Studies,0
Food Preparation/Professional Cooking/Kitchen Assistant,0
Food Science,1
Food Science and Technology,1
"Food Service, Waiter/Waitress, and Dining Room Management/Manager",0
Food Technology and Processing,1
"Foods, Nutrition, and Related Services",0
"Foods, Nutrition, and Wellness Studies",0
Foodservice Systems Administration/Management,0
Foreign Language Teacher Education,0
Foreign Languages and Literatures,0
"Foreign Languages, Literatures, And Linguistics",0
"Foreign Languages, Literatures, and Linguistics",0
Forensic Chemistry,1
Forensic Pathology,0
Forensic Psychology,0
Forensic Science and Technology,1
Forest Engineering,1
Forest Management/Forest Resources Management,0
Forest Resources Production and Management,0
Forest Sciences and Biology,1
Forest Technology,0
Forestry,0
Franchising and Franchise Operations,0
French Language Teacher Education,0
French Language and Literature,0
French Studies,0
Funeral Direction/Service,0
Funeral Service and Mortuary Science,0
Furniture Design and Manufacturing,0
Game and Interactive Media Design,0
Gastroenterology,0
Gay/Lesbian Studies,0
Gene/Genetic Therapy,0
General Literature,0
"General Merchandising, Sales, and Related Marketing Operations",0
General Office Occupations and Clerical Services,0
"General Sales, Merchandising and Related Marketing Operations",0
General Studies,0
General Surgery,0
Genetic Counseling/Counselor,0
Genetics,1
Genome Sciences/Genomics,1
Geochemistry,1
Geochemistry and Petrology,1
Geographic Information Science and Cartography,1
Geography,0
Geography Teacher Education,0
Geography and Cartography,0
Geological and Earth Sciences/Geosciences,1
Geological/Geophysical Engineering,1
Geology/Earth Science,1
Geometry/Geometric Analysis,1
Geophysics and Seismology,1
Geotechnical and Geoenvironmental Engineering,1
Geriatric Medicine,0
Geriatric Medicine (Internal Medicine),0
Geriatric Nurse/Nursing,0
German Language Teacher Education,0
German Language and Literature,0
German Studies,0
"Germanic Languages, Literatures, and Linguistics",0
Gerontology,0
Geropsychology,0
Glazier,0
Golf Course Operation and Grounds Management,0
Graphic Communications,0
Graphic Design,0
Graphic and Printing Equipment Operator Production,0
Greenhouse Operations and Management,0
Ground Transportation,0
Gunsmithing/Gunsmith,0
Hair Styling/Stylist and Hair Design,0
Hand Surgery,0
Handicrafts and Model-Making,0
Hazardous Materials Information Systems Technology,1
Hazardous Materials Management and Waste Technology,1
Health Aide,0
Health Aides/Attendants/Orderlies,0
Health Communication,0
Health Information/Medical Records Administration/Administrator,0
Health Information/Medical Records Technology,0
Health Law,0
Health Occupations Teacher Education,0
Health Policy Analysis,0
Health Professions And Related Programs,0
Health Professions and Related Clinical Sciences,0
Health Psychology,0
Health Services Administration,0
Health Services/Allied Health/Health Sciences,0
Health Teacher Education,0
Health Unit Coordinator/Ward Clerk,0
Health Unit Manager/Ward Supervisor,0
Health and Medical Administrative Services,0
Health and Physical Education/Fitness,0
Health and Wellness,0
Health-Related Knowledge And Skills,0
Health-Related Knowledge and Skills,0
Health/Health Care Administration/Management,0
Health/Medical Claims Examiner,0
Health/Medical Physics,1
Health/Medical Preparatory Programs,0
Health/Medical Psychology,0
Hearing Instrument Specialist,0
"Heating, Air Conditioning, Ventilation and Refrigeration Maintenance Technology",0
"Heating, Air Conditioning, Ventilation and Refrigeration Maintenance Technology (HAC, HACR, HVAC, HVACR)",0
"Heating, Ventilation, Air Conditioning and Refrigeration Engineering Technology",1
Heavy Equipment Maintenance Technology,0
Heavy/Industrial Equipment Maintenance Technologies,0
Hebrew Language and Literature,0
Hematological Pathology,0
Hematology,0
Hematology Technology,0
Herbalism/Herbalist,0
High Performance and Custom Engine Technician/Mechanic,0
High School Certificate of Competence Program,0
High School Equivalence Certificate Program,0
High School/Secondary Certificate Programs,0
High School/Secondary Certificates,0
High School/Secondary Diploma Programs,0
High School/Secondary Diplomas And Certificates,0
Higher Education/Higher Education Administration,0
Hindi Language and Literature,0
Hindu Studies,0
"Hispanic and Latin American Languages, Literatures, and Linguistics",0
"Hispanic-American, Puerto Rican, and Mexican-American/Chicano Studies",0
Histologic Technician,0
Histologic Technology/Histotechnologist,0
Historic Preservation and Conservation,0
History,0
History Teacher Education,0
History and Philosophy of Science and Technology,0
Holistic Health,0
Holocaust and Related Studies,0
Home Furnishings and Equipment Installers,0
Home Health Aide/Home Attendant,0
Home Maintenance and Improvement,0
Homeland Security,0
"Homeland Security, Law Enforcement, Firefighting And Related Protective Services",0
"Homeland Security, Law Enforcement, Firefighting and Related Protective Services",0
Homeopathic Medicine/Homeopathy,0
Honors/Regents High School/Secondary Diploma Program,0
Horse Husbandry/Equine Science and Management,0
Horticultural Science,1
Hospital and Health Care Facilities Administration/Management,0
Hospitality Administration/Management,0
Hospitality and Recreation Marketing Operations,0
"Hotel, Motel, and Restaurant Management",0
Hotel/Motel Administration/Management,0
Housing and Human Environments,0
Human Biology,1
Human Computer Interaction,1
Human Development and Family Studies,0
"Human Development, Family Studies, and Related Services",0
Human Nutrition,0
Human Resources Development,0
Human Resources Management and Services,0
Human Resources Management/Personnel Administration,0
Human Services,0
Human/Medical Genetics,1
Humanities/Humanistic Studies,0
Hungarian/Magyar Language and Literature,0
Hydraulics and Fluid Power Technology,1
Hydrology and Water Resources Science,1
Hypnotherapy/Hypnotherapist,0
Illustration,0
Immunology,1
Immunopathology,0
Indian/Native American Education,0
Indonesian/Malay Languages and Literatures,0
Industrial Electronics Technology,0
Industrial Engineering,1
Industrial Mechanics and Maintenance Technology,0
Industrial Production Technologies,1
Industrial Radiologic Technology,1
Industrial Safety Technology,1
Industrial Technology,1
Industrial and Organizational Psychology,0
Industrial and Physical Pharmacy and Cosmetic Sciences,1
Industrial and Product Design,0
Industry Studies,0
Infectious Disease,0
Informatics,1
Information Operations/Joint Information Operations,1
Information Resources Management,0
Information Science/Studies,1
Information Technology,1
Information Technology Project Management,1
Information/Psychological Warfare and Military Media Relations,1
Inorganic Chemistry,1
Institutional Food Workers,0
Instrumentation Technology,1
Insulator,0
Insurance,0
Integrated Circuit Design,1
Intellectual Property Law,0
Intelligence,1
"Intelligence, Command Control and Information Operations",1
Intercultural/Multicultural and Diversity Studies,0
Interior Architecture,0
Interior Design,0
Intermedia/Multimedia,0
Internal Medicine,0
International Agriculture,0
International Business,0
"International Business, Trade, and Tax Law",0
International Business/Trade/Commerce,0
International Economics,0
International Finance,0
International Law and Legal Studies,0
International Marketing,0
International Policy Analysis,0
International Public Health/International Health,0
International Relations and Affairs,0
International Relations and National Security Studies,0
International and Comparative Education,0
International and Intercultural Communication,0
International/Global Studies,0
Interpersonal And Social Skills,0
Interpersonal Relationships Skills,0
Interpersonal Social Skills,0
Interpersonal and Social Skills,0
Investments and Securities,0
"Iranian Languages, Literatures, and Linguistics",0
"Iranian/Persian Languages, Literatures, and Linguistics",0
Irish Studies,0
Ironworking/Ironworker,0
Islamic Studies,0
Italian Language and Literature,0
Italian Studies,0
Japanese Language and Literature,0
Japanese Studies,0
Jazz/Jazz Studies,0
Jewish/Judaic Studies,0
Job-Seeking/Changing Skills,0
"Joint Command/Task Force (C3, C4I) Systems",1
Joint Operations Planning and Strategy,0
Journalism,0
Junior High/Intermediate/Middle School Education and Teaching,0
Juvenile Corrections,0
Keyboard Instruments,0
Khmer/Cambodian Language and Literature,0
Kindergarten/Preschool Education and Teaching,0
Kinesiology and Exercise Science,0
Kinesiotherapy/Kinesiotherapist,0
Knowledge Management,0
Korean Language and Literature,0
Korean Studies,0
Labor Studies,0
Labor and Industrial Relations,0
Laboratory Medicine,0
Lactation Consultant,0
Land Use Planning and Management/Development,0
Landscape Architecture,0
Landscaping and Groundskeeping,0
Language Interpretation and Translation,0
Lao Language and Literature,0
Large Animal/Food Animal and Equine Surgery and Medicine,0
Laser and Optical Engineering,1
Laser and Optical Technology,1
Latin American Studies,0
Latin American and Caribbean Studies,0
Latin Language and Literature,0
Latin Teacher Education,0
Law,0
Law Enforcement Intelligence Analysis,0
Law Enforcement Investigation and Interviewing,0
Law Enforcement Record-Keeping and Evidence Management,0
Lay Ministry,0
Learning Sciences,0
Leatherworking and Upholstery,0
Legal Administrative Assistant/Secretary,0
Legal Assistant/Paralegal,0
Legal Professions And Studies,0
Legal Professions and Studies,0
Legal Research and Advanced Professional Studies,0
Legal Studies,0
Legal Support Services,0
Leisure And Recreational Activities,0
Leisure and Recreational Activities,0
"Liberal Arts And Sciences, General Studies And Humanities",0
Liberal Arts and Sciences Studies and Humanities,0
Liberal Arts and Sciences/Liberal Studies,0
Library Science,0
Library Science and Administration,0
Library and Archives Assisting,0
Library and Information Science,0
Licensed Practical/Vocational Nurse Training,0
"Licensed Practical/Vocational Nurse Training (LPN, LVN, Cert, Dipl, AAS)",0
Lineworker,0
"Linguistic, Comparative, and Related Language Studies and Services",0
Linguistics,0
Linguistics of ASL and Other Sign Languages,0
Literature,0
Livestock Management,1
Locksmithing and Safe Repair,0
Logic,0
"Logistics, Materials, and Supply Chain Management",0
Long Term Care Administration/Management,0
Low-Observables and Stealth Technology,1
Machine Shop Technology/Assistant,0
Machine Tool Technology/Machinist,0
Magnetic Resonance Imaging (MRI) Technology,0
Make-Up Artist/Specialist,0
Mammography Technician/Technology,0
Management Information Systems,0
Management Information Systems and Services,0
Management Science,1
Management Science and Quantitative Methods,1
Manufacturing Engineering,1
Manufacturing Engineering Technology,1
Marine Biology and Biological Oceanography,1
Marine Maintenance/Fitter and Ship Repair Technology,0
Marine Science/Merchant Marine Officer,0
Marine Sciences,1
Marine Transportation,0
Maritime Law Enforcement,0
Maritime Studies,0
Marketing,0
Marketing Research,0
Marketing/Marketing Management,0
Marriage and Family Therapy/Counseling,0
Mason/Masonry,0
Mass Communication/Media Studies,0
Massage Therapy/Therapeutic Massage,0
Master Aesthetician/Esthetician,0
Materials Chemistry,1
Materials Engineering,1
Materials Science,1
Materials Sciences,1
Maternal and Child Health,0
Maternal/Child Health and Neonatal Nurse/Nursing,0
Mathematical Biology,1
Mathematical Statistics and Probability,1
Mathematics,1
Mathematics And Statistics,0
Mathematics Teacher Education,0
Mathematics and Computer Science,1
Mathematics and Statistics,1
Meat Cutting/Meat Cutter,0
Mechanic And Repair Technologies/Technicians,0
Mechanic and Repair Technologies,0
Mechanical Drafting and Mechanical Drafting CAD/CADD,1
Mechanical Engineering,1
Mechanical Engineering Related Technologies,1
Mechanical Engineering/Mechanical Technology,1
Mechanics and Repairers,0
"Mechatronics, Robotics, and Automation Engineering",1
Medical Administrative/Executive Assistant and Medical Secretary,0
Medical Anthropology,0
Medical Clinical Sciences/Graduate Medical Studies,0
Medical Illustration and Informatics,0
Medical Illustration/Medical Illustrator,0
Medical Informatics,1
Medical Insurance Coding Specialist/Coder,0
Medical Insurance Specialist/Medical Biller,0
Medical Microbiology and Bacteriology,1
Medical Office Assistant/Specialist,0
Medical Office Computer Specialist/Assistant,0
Medical Office Management/Administration,0
Medical Radiologic Technology/Science - Radiation Therapist,0
Medical Reception/Receptionist,0
Medical Scientist,1
Medical Staff Services Technology,0
Medical Transcription/Transcriptionist,0
Medical/Clinical Assistant,0
Medical/Health Management and Clinical Assistant/Specialist,0
Medication Aide,0
Medicinal and Pharmaceutical Chemistry,1
Medicine,0
Medieval and Renaissance Studies,0
Medium/Heavy Vehicle and Truck Technology,0
Meeting and Event Planning,0
Mental Health Counseling/Counselor,0
Mental and Social Health Services and Allied Professions,0
Merchandising and Buying Operations,0
Metal Building Assembly/Assembler,0
Metal Fabricator,0
Metal and Jewelry Arts,0
Metallurgical Engineering,1
Metallurgical Technology,1
Meteorology,1
Microbial and Eukaryotic Genetics,1
Microbiological Sciences and Immunology,1
Microbiology,1
Microbiology and Immunology,1
"Middle/Near Eastern and Semitic Languages, Literatures, and Linguistics",0
Military Applied Sciences,1
Military Economics and Management,0
Military History,0
Military Information Systems Technology,1
Military Installation Management,0
Military Operational Art and Science/Studies,0
Military Science and Operational Studies,0
"Military Science, Leadership And Operational Art",0
"Military Science, Leadership and Operational Art",0
Military Systems and Maintenance Technology,1
Military Technologies,0
Military Technologies And Applied Sciences,0
Military Technologies and Applied Sciences,1
Military and International Operational Law,0
Military and Strategic Leadership,0
Mining Technology,1
Mining and Mineral Engineering,1
Mining and Petroleum Technologies,1
Missile and Space Systems Technology,1
Missions/Missionary Studies and Missiology,0
Mobil Crane Operation/Operator,0
"Modeling, Virtual Environments and Simulation",1
Modern Greek Language and Literature,0
Molecular Biochemistry,1
Molecular Biology,1
Molecular Biophysics,1
Molecular Genetics,1
Molecular Medicine,1
Molecular Pharmacology,1
Molecular Physiology,1
Molecular Toxicology,1
Mongolian Language and Literature,0
Montessori Teacher Education,0
Mortuary Science and Embalming/Embalmer,0
Motorcycle Maintenance and Repair Technology,0
Movement Therapy and Movement Education,0
Movement and Mind-Body Therapies and Education,0
Multi-/Interdisciplinary Studies,0
Multi/Interdisciplinary Studies,0
Multicultural Education,0
Munitions Systems/Ordinance Technology,1
Musculoskeletal Oncology,0
Museology/Museum Studies,0
Music,0
"Music History, Literature, and Theory",0
Music Management,0
Music Management and Merchandising,0
Music Pedagogy,0
Music Performance,0
Music Teacher Education,0
Music Technology,0
Music Theory and Composition,0
Music Therapy/Therapist,0
Musical Instrument Fabrication and Repair,0
Musical Theatre,0
Musicology and Ethnomusicology,0
Mycology,1
Nail Technician/Specialist and Manicurist,0
Nanotechnology,1
National Resource Strategy and Policy,0
National Security Policy Studies,0
National Security Policy and Strategy,0
Natural Products Chemistry and Pharmacognosy,1
Natural Resource Economics,0
Natural Resource Recreation and Tourism,0
Natural Resources And Conservation,0
Natural Resources Conservation and Research,1
Natural Resources Law Enforcement and Protective Services,0
Natural Resources Management and Policy,0
Natural Resources and Conservation,0
Natural Resources/Conservation,1
Natural Sciences,1
Nature Appreciation,0
Naturopathic Medicine/Naturopathy,0
Naval Architecture and Marine Engineering,1
Naval Science and Operational Studies,1
Navy/Marine Corps JROTC/ROTC,0
"Navy/Marine Corps ROTC, Naval Science and Operations",0
"Navy/Marine ROTC, Naval Science and Operations",0
Near and Middle Eastern Studies,0
Neonatal-Perinatal Medicine,0
Nephrology,0
Network and System Administration/Administrator,1
Neuroanatomy,1
Neurobiology and Anatomy,1
Neurobiology and Behavior,1
Neurobiology and Neurophysiology,0
Neurobiology and Neurosciences,1
Neurological Surgery/Neurosurgery,0
Neurology,0
Neuropathology,0
Neuropharmacology,1
Neuroscience,1
Non-Professional General Legal Studies (Undergraduate),0
Non-Profit/Public/Organizational Management,0
Norwegian Language and Literature,0
Nuclear Engineering,1
Nuclear Engineering Technologies,0
Nuclear Engineering Technology,1
Nuclear Medical Technology/Technologist,0
Nuclear Medicine,0
Nuclear Physics,1
Nuclear Radiology,0
Nuclear and Industrial Radiologic Technologies,1
Nuclear/Nuclear Power Technology,1
Nurse Anesthetist,0
Nurse Midwife/Nursing Midwifery,0
Nurse/Nursing Assistant/Aide and Patient Care Assistant,0
Nursing,0
Nursing Administration,0
"Nursing Administration (MSN, MS, PhD)",0
Nursing Assistant/Aide and Patient Care Assistant/Aide,0
Nursing Education,0
Nursing Practice,0
Nursing Science,0
"Nursing Science (MS, PhD)",0
"Nursing/Registered Nurse (RN, ASN, BSN, MSN)",0
Nutrition Sciences,1
Obstetrics and Gynecology,0
Occupational Health and Industrial Hygiene,0
Occupational Medicine,0
Occupational Safety and Health Technology,1
Occupational Therapist Assistant,0
Occupational Therapy/Therapist,0
Occupational and Environmental Health Nursing,0
Ocean Engineering,1
"Oceanography, Chemical and Physical",1
Office Management and Supervision,0
Oncology,0
Oncology and Cancer Biology,1
Operational Oceanography,1
Operations Management and Supervision,0
Operations Research,1
Ophthalmic Laboratory Technology,0
Ophthalmic Technician/Technologist,0
Ophthalmic and Optometric Support Services and Allied Professions,0
Ophthalmology,0
Opticianry/Ophthalmic Dispensing Optician,0
Optics/Optical Sciences,1
Optometric Technician/Assistant,0
Optometry,0
Oral Biology and Oral and Maxillofacial Pathology,0
Oral/Maxillofacial Surgery,0
Organic Chemistry,1
Organizational Behavior Studies,0
Organizational Communication,0
Organizational Leadership,0
Ornamental Horticulture,0
Orthodontics/Orthodontology,0
Orthopedic Surgery of the Spine,0
Orthopedics/Orthopedic Surgery,0
Orthoptics/Orthoptist,0
Orthotist/Prosthetist,0
Osteopathic Medicine/Osteopathy,0
Otolaryngology,0
Outdoor Education,0
Pacific Area/Pacific Rim Studies,0
Packaging Science,1
Painting,0
Painting/Painter and Wall Coverer,0
Paleontology,1
Palliative Care Nursing,0
Paper Science and Engineering,1
Parasitology,1
"Parks, Recreation and Leisure Facilities Management",0
"Parks, Recreation and Leisure Studies",0
"Parks, Recreation, Leisure, And Fitness Studies",0
"Parks, Recreation, Leisure, and Fitness Studies",0
Parts and Warehousing Operations and Maintenance Technology,0
"Parts, Warehousing, and Inventory Management Operations",0
Pastoral Counseling and Specialized Ministries,0
Pastoral Studies/Counseling,0
Pathology,0
Pathology/Experimental Pathology,1
Pathology/Pathologist Assistant,0
Peace Studies and Conflict Resolution,0
Pediatric Cardiology,0
Pediatric Dentistry/Pedodontics,0
Pediatric Endocrinology,0
Pediatric Hemato-Oncology,0
Pediatric Nephrology,0
Pediatric Nurse/Nursing,0
Pediatric Orthopedics,0
Pediatric Surgery,0
Pediatric Urology,0
Pediatrics,0
Percussion Instruments,0
Perfusion Technology/Perfusionist,0
Periodontics/Periodontology,0
Perioperative/Operating Room and Surgical Nurse/Nursing,0
Permanent Cosmetics/Makeup and Tattooing,0
Personal And Culinary Services,0
Personal Awareness And Self-Improvement,0
Personal Awareness and Self-Improvement,0
Personal Decision-Making Skills,0
Personal Health Improvement and Maintenance,0
Personal and Culinary Services,0
Personality Psychology,1
Pet Ownership and Care,0
Petroleum Engineering,1
Petroleum Technology,1
Pharmaceutical Marketing and Management,0
Pharmaceutical Sciences,1
Pharmaceutics and Drug Design,1
Pharmacoeconomics/Pharmaceutical Economics,1
Pharmacology,1
Pharmacology and Toxicology,1
Pharmacy,0
Pharmacy Administration and Pharmacy Policy and Regulatory Affairs,0
Pharmacy Technician/Assistant,0
"Pharmacy, Pharmaceutical Sciences, and Administration",0
Philosophy,0
Philosophy And Religious Studies,0
Philosophy and Religious Studies,0
Phlebotomy Technician/Phlebotomist,0
Photobiology,1
Photographic and Film/Video Technology and Assistant,0
Photography,0
Photojournalism,0
Physical Chemistry,1
Physical Education Teaching and Coaching,0
Physical Fitness Technician,0
Physical Medicine and Rehabilitation/Psychiatry,0
Physical Science Technologies,1
Physical Sciences,1
Physical Therapy Technician/Assistant,0
Physical Therapy/Therapist,0
Physical and Biological Anthropology,0
Physical and Rehabilitation Medicine,0
Physician Assistant,0
Physics,1
Physics Teacher Education,0
Physiological Psychology/Psychobiology,1
Physiology,1
"Physiology, Pathology and Related Sciences",0
"Physiology, Pathology, and Related Sciences",1
Pipefitting/Pipefitter and Sprinkler Fitter,0
Planetary Astronomy and Science,1
Plant Genetics,1
Plant Molecular Biology,1
Plant Nursery Operations and Management,0
Plant Pathology/Phytopathology,1
Plant Physiology,1
Plant Protection and Integrated Pest Management,1
Plant Sciences,1
Plasma and High-Temperature Physics,1
Plastic Surgery,0
Plastics and Polymer Engineering Technology,1
Platemaker/Imager,0
Playwriting and Screenwriting,0
Plumbing Technology/Plumber,0
Plumbing and Related Water Supply Services,0
Podiatric Medicine/Podiatry,0
Polarity Therapy,0
Polish Language and Literature,0
Polish Studies,0
Political Communication,0
Political Economy,0
Political Science and Government,0
Polymer Chemistry,1
Polymer/Plastics Engineering,1
Polysomnography,0
Population Biology,1
Portuguese Language and Literature,0
Poultry Science,1
"Practical Nursing, Vocational Nursing and Nursing Assistants",0
Pre-Chiropractic Studies,0
Pre-Dentistry Studies,0
Pre-Engineering,1
Pre-Law Studies,0
Pre-Medicine/Pre-Medical Studies,0
Pre-Nursing Studies,0
Pre-Occupational Therapy Studies,0
Pre-Optometry Studies,0
Pre-Pharmacy Studies,0
Pre-Physical Therapy Studies,0
Pre-Theology/Pre-Ministerial Studies,0
Pre-Veterinary Studies,0
Precision Metal Working,0
Precision Production,0
Precision Production Trades,0
Precision Systems Maintenance and Repair Technologies,0
Prepress/Desktop Publishing and Digital Imaging Design,0
Preventive Medicine,0
Printing Management,0
Printing Press Operator,0
Printmaking,0
"Professional, Technical, Business, and Scientific Writing",0
Programs for Foreign Lawyers,0
Project Management,0
Prosthodontics/Prosthodontology,0
Protective Services Operations,0
Psychiatric/Mental Health Nurse/Nursing,0
Psychiatric/Mental Health Services Technician,0
Psychiatry,0
Psychoanalysis and Psychotherapy,0
Psychology,0
Psychology Teacher Education,0
Psychometrics and Quantitative Psychology,1
Psychopharmacology,1
Public Administration,0
Public Administration And Social Service Professions,0
Public Administration and Social Service Professions,0
Public Finance,0
Public Health,0
Public Health Education and Promotion,0
Public Health Medicine,0
Public Health/Community Nurse/Nursing,0
Public Policy Analysis,0
"Public Relations, Advertising, and Applied Communication",0
Public Relations/Image Management,0
Public/Applied History,0
Publishing,0
Pulmonary Disease,0
Punjabi Language and Literature,0
"Purchasing, Procurement/Acquisitions and Contracts Management",0
Quality Control Technology,1
Quality Control and Safety Technologies,1
Rabbinical Studies,0
Radar Communications and Systems Technology,1
Radiation Biology/Radiobiology,1
Radiation Oncology,0
Radiation Protection/Health Physics Technician,0
Radio and Television,0
Radio and Television Broadcasting Technology,0
"Radio, Television, and Digital Communication",0
Radioisotopic Pathology,0
Radiologic Technology/Science - Radiographer,0
Radiologist Assistant,0
Railroad and Railway Transportation,0
Range Science and Management,1
Reading,0
Reading Teacher Education,0
Real Estate,0
Real Estate Development,0
Receptionist,0
Recording Arts Technology,0
Recreation Vehicle (RV) Service Technician,0
"Regional Studies (US, Canadian, Foreign)",0
"Registered Nursing, Nursing Administration, Nursing Research and Clinical Nursing",0
Registered Nursing/Registered Nurse,0
Regular/General High School/Secondary Diploma Program,0
Rehabilitation Aide,0
Rehabilitation Science,0
Rehabilitation and Therapeutic Professions,0
Reiki,0
Religion/Religious Studies,0
Religious Education,0
Religious/Sacred Music,0
Renal/Dialysis Technologist,0
Reproductive Biology,1
Research Methodology and Quantitative Methods,0
Research and Development Management,0
Research and Experimental Psychology,1
Residency Programs,0
Resort Management,0
Respiratory Care Therapy/Therapist,0
Respiratory Therapy Technician/Assistant,0
"Restaurant, Culinary, and Catering Management/Manager",0
Restaurant/Food Services Management,0
Retail Management,0
Retailing and Retail Operations,0
Rhetoric and Composition,0
Rhetoric and Composition/Writing Studies,0
Rheumatology,0
Robotics Technology,1
"Romance Languages, Literatures, and Linguistics",0
Romanian Language and Literature,0
Roofer,0
Rural Sociology,0
Russian Language and Literature,0
Russian Studies,0
"Russian, Central European, East European and Eurasian Studies",0
Sales and Marketing Operations/Marketing and Distribution  Teacher Education,0
"Sales, Distribution, and Marketing Operations",0
Salon/Beauty Salon Management/Manager,0
"Sanskrit and Classical Indian Languages, Literatures, and Linguistics",0
"Scandinavian Languages, Literatures, and Linguistics",0
Scandinavian Studies,0
School Librarian/School Library Media Specialist,0
School Psychology,0
Science Teacher Education/General Science Teacher Education,0
Science Technologies,1
Science Technologies/Technicians,0
"Science, Technology and Society",0
Sculpture,0
Second Language Learning,0
Secondary Education and Teaching,0
Secondary School Administration/Principalship,0
Securities Services Administration/Management,0
Security Policy and Strategy,0
"Security System Installation, Repair, and Inspection Technology",0
Security and Loss Prevention Services,0
Self-Awareness and Personal Assessment,0
Self-Esteem and Values Clarification,0
Selling Skills and Sales Operations,0
Semiconductor Manufacturing Technology,1
Sheet Metal Technology/Sheetworking,0
"Shoe, Boot and Leather Repair",0
Sign Language Interpretation and Translation,0
Signal/Geospatial Intelligence,1
"Slavic Languages, Literatures, and Linguistics",0
Slavic Studies,0
"Slavic, Baltic and Albanian Languages, Literatures, and Linguistics",0
"Slavic, Baltic, and Albanian Languages, Literatures, and Linguistics",0
Slovak Language and Literature,0
Small Business Administration/Management,0
Small Engine Mechanics and Repair Technology,0
Small/Companion Animal Surgery and Medicine,0
Social Psychology,1
Social Science Teacher Education,0
Social Sciences,0
Social Studies Teacher Education,0
Social Work,0
Social and Philosophical Foundations of Education,0
Sociology,0
Sociology and Anthropology,0
Soil Chemistry and Physics,1
Soil Microbiology,1
Soil Science and Agronomy,1
Soil Sciences,1
Solar Energy Technology,1
Somatic Bodywork,0
Somatic Bodywork and Related Therapeutic Services,0
"South Asian Languages, Literatures, and Linguistics",0
South Asian Studies,0
"Southeast Asian Languages, Literatures, and Linguistics",0
Southeast Asian Studies,0
"Southeast Asian and Australasian/Pacific Languages, Literatures, and Linguistics",0
Space Systems Operations,1
Spanish Language Teacher Education,0
Spanish Language and Literature,0
Spanish and Iberian Studies,0
Special Education and Teaching,0
Special Products Marketing Operations,0
"Special, Irregular and Counterterrorist Operations",0
"Specialized Merchandising, Sales, and Marketing Operations",0
"Specialized Sales, Merchandising and Marketing Operations",0
Speech Communication and Rhetoric,0
Speech Teacher Education,0
Speech and Rhetorical Studies,0
Speech-Language Pathology Assistant,0
Speech-Language Pathology/Pathologist,0
Sport and Fitness Administration/Management,0
Sports Communication,0
Sports Medicine,0
Sports Studies,0
Sports and Exercise,0
Statistics,1
Sterile Processing Technology,0
Strategic Intelligence,1
Strategic Studies,0
Stress Management and Coping Skills,0
Stringed Instruments,0
Structural Biology,1
Structural Engineering,1
Student Counseling and Personnel Services,0
Substance Abuse/Addiction Counseling,0
Superintendency and Educational System Administration,0
Surgical Technology/Technologist,0
Surveying Engineering,1
Surveying Technology/Surveying,1
Suspension and Debarment Investigation,0
Sustainability Studies,1
Swedish Language and Literature,0
"System, Networking, and LAN/WAN Management/Manager",1
Systematic Biology/Biological Systematics,1
Systems Engineering,1
Systems Science and Theory,1
Talmudic Studies,0
Tamil Language and Literature,0
Tax Law/Taxation,0
Taxation,0
Taxidermy/Taxidermist,0
Teacher Assistant/Aide,0
"Teacher Education and Professional Development, Specific Levels and Methods",0
"Teacher Education and Professional Development, Specific Subject Areas",0
"Teacher Education, Multiple Levels",0
Teaching Assistants/Aides,0
Teaching English as a Second or Foreign Language/ESL Language Instructor,0
Teaching English or French as a Second or Foreign Language,0
Teaching French as a Second or Foreign Language,0
Technical Teacher Education,0
Technical Theatre/Theatre Design and Technology,0
Technical and Business Writing,0
Technical and Scientific Communication,0
Technology Education/Industrial Arts,0
Technology Education/Industrial Arts Programs,0
Technology Teacher Education/Industrial Arts Teacher Education,0
Telecommunications Engineering,1
Telecommunications Management,0
Telecommunications Technology,1
Terrorism and Counterterrorism Operations,0
Textile Science,0
Textile Sciences and Engineering,1
Thai Language and Literature,0
"Theatre Literature, History and Criticism",0
Theatre/Theater,0
Theatre/Theatre Arts Management,0
Theological and Ministerial Studies,0
Theology And Religious Vocations,0
Theology and Religious Vocations,0
Theology/Theological Studies,0
Theoretical Chemistry,1
Theoretical and Mathematical Physics,1
Therapeutic Recreation/Recreational Therapy,0
Thoracic Surgery,0
Tibetan Language and Literature,0
Tibetan Studies,0
Tool and Die Technology,0
Topology and Foundations,1
Tourism Promotion Operations,0
Tourism and Travel Services Management,0
Tourism and Travel Services Marketing Operations,0
Toxicology,1
Trade and Industrial Teacher Education,0
Traditional Chinese Medicine and Chinese Herbology,0
"Traffic, Customs, and Transportation Clerk",0
Transportation And Materials Moving,0
Transportation and Highway Engineering,1
Transportation and Materials Moving,0
Transportation/Mobility Management,0
Travel and Exploration,0
Truck and Bus Driver/Commercial Vehicle Operator and Instructor,0
Turf and Turfgrass Management,0
"Turkic, Uralic-Altaic, Caucasian, and Central Asian Languages, Literatures, and Linguistics",0
Turkish Language and Literature,0
Ukraine Studies,0
Ukrainian Language and Literature,0
Undersea Warfare,1
Upholstery/Upholsterer,0
Ural-Altaic and Central Asian Studies,0
"Uralic Languages, Literatures, and Linguistics",0
Urban Education and Leadership,0
Urban Forestry,1
Urban Ministry,0
Urban Studies/Affairs,0
Urdu Language and Literature,0
Urology,0
Vascular Surgery,0
Vehicle Emissions Inspection and Maintenance Technology,0
Vehicle Maintenance and Repair Technologies,0
Vehicle and Vehicle Parts and Accessories Marketing Operations,0
Veterinary Anatomy,1
Veterinary Biomedical and Clinical Sciences,0
Veterinary Infectious Diseases,1
Veterinary Medicine,0
Veterinary Microbiology and Immunobiology,1
Veterinary Pathology and Pathobiology,1
Veterinary Physiology,1
"Veterinary Preventive Medicine, Epidemiology, and Public Health",0
Veterinary Sciences/Veterinary Clinical Sciences,0
Veterinary Toxicology and Pharmacology,1
Veterinary/Animal Health Technology and Veterinary Assistant,0
Vietnamese Language and Literature,0
Virology,1
Vision Science/Physiological Optics,1
Visual And Performing Arts,0
Visual and Performing Arts,0
Viticulture and Enology,0
Vocational High School and Secondary Business/Vocational-Industrial/Occupational Diploma Program,0
Vocational Rehabilitation Counseling/Counselor,0
Voice and Opera,0
Waldorf/Steiner Teacher Education,0
Watchmaking and Jewelrymaking,0
Water Quality and Wastewater Treatment Management and Recycling Technology,1
Water Resources Engineering,1
"Water, Wetlands, and Marine Resources Management",1
Weapons of Mass Destruction,0
"Web Page, Digital/Multimedia and Information Resources Design",1
Web/Multimedia Management and Webmaster,1
Welding Engineering Technology,1
Welding Technology/Welder,0
Well Drilling/Driller,0
Western European Studies,0
Wildland/Forest Firefighting and Investigation,0
Wildlife Biology,1
Wildlife and Wildlands Science and Management,0
"Wildlife, Fish and Wildlands Science and Management",1
Wine Steward/Sommelier,0
Women's Health Nurse/Nursing,0
Women's Ministry,0
Women's Studies,0
Wood Science and Wood Products/Pulp and Paper Technology,1
Woodwind Instruments,0
Woodworking,0
Word Processing,0
Work and Family Studies,0
Workforce Development and Training,0
Writing,0
Yoga Teacher Training/Yoga Therapy,0
Youth Ministry,0
Youth Services/Administration,0
Zoology/Animal Biology,1
